{"cameraMode":{"drawMode":0,"name":"Shaded","section":"Shading Mode"},"sceneLighting":true,"audioPlay":false,"sceneViewState":{"showFog":true,"showMaterialUpdate":false,"showSkybox":true,"showFlares":true,"showImageEffects":true,"showParticleSystems":true},"in2DMode":false,"pivot":{"x":-1.355124831199646,"y":13.79211139678955,"z":128.04312133789063},"rotation":{"x":-0.010160575620830059,"y":0.07641742378473282,"z":0.0007786793285049498,"w":0.9970267415046692},"size":2.6485435962677,"orthographic":false}