{"cameraMode":{"drawMode":0,"name":"Shaded","section":"Shading Mode"},"sceneLighting":true,"audioPlay":false,"sceneViewState":{"showFog":true,"showMaterialUpdate":false,"showSkybox":true,"showFlares":true,"showImageEffects":true,"showParticleSystems":true},"in2DMode":false,"pivot":{"x":-50.53239822387695,"y":-5.154294013977051,"z":130.77659606933595},"rotation":{"x":0.20068439841270448,"y":0.6754395961761475,"z":-0.1989721655845642,"w":0.6811453700065613},"size":12.524459838867188,"orthographic":false}