{"cameraMode":{"drawMode":0,"name":"Shaded","section":"Shading Mode"},"sceneLighting":false,"audioPlay":false,"sceneViewState":{"showFog":true,"showMaterialUpdate":false,"showSkybox":false,"showFlares":true,"showImageEffects":true,"showParticleSystems":true},"in2DMode":false,"pivot":{"x":0.052512459456920627,"y":0.17379936575889588,"z":-0.0019264668226242066},"rotation":{"x":0.0247556921094656,"y":0.7719976305961609,"z":-0.030123097822070123,"w":0.6344351768493652},"size":0.5055513381958008,"orthographic":false}