{"cameraMode":{"drawMode":0,"name":"Shaded","section":"Shading Mode"},"sceneLighting":false,"audioPlay":false,"sceneViewState":{"showFog":true,"showMaterialUpdate":false,"showSkybox":false,"showFlares":true,"showImageEffects":true,"showParticleSystems":true},"in2DMode":false,"pivot":{"x":287.76898193359377,"y":0.8750001192092896,"z":248.99417114257813},"rotation":{"x":0.25911107659339907,"y":-0.43382924795150759,"z":0.1318625658750534,"w":0.8531314134597778},"size":3.3476226329803469,"orthographic":false}