{"cameraMode":{"drawMode":0,"name":"Shaded","section":"Shading Mode"},"sceneLighting":true,"audioPlay":false,"sceneViewState":{"showFog":true,"showMaterialUpdate":false,"showSkybox":true,"showFlares":true,"showImageEffects":true,"showParticleSystems":true},"in2DMode":false,"pivot":{"x":3.440412759780884,"y":6.8701324462890629,"z":131.0816192626953},"rotation":{"x":-0.0004491527797654271,"y":-0.6785718202590942,"z":0.00039711143472231925,"w":-0.7345488667488098},"size":23.541717529296876,"orthographic":false}