{"cameraMode":{"drawMode":0,"name":"Shaded","section":"Shading Mode"},"sceneLighting":false,"audioPlay":false,"sceneViewState":{"showFog":true,"showMaterialUpdate":false,"showSkybox":false,"showFlares":true,"showImageEffects":true,"showParticleSystems":true},"in2DMode":false,"pivot":{"x":-5.960464477539063e-8,"y":0.3464120030403137,"z":-0.008713960647583008},"rotation":{"x":-0.040300868451595309,"y":-0.7372123599052429,"z":0.04241112619638443,"w":-0.6736243963241577},"size":0.7016428709030151,"orthographic":false}