{"cameraMode":{"drawMode":0,"name":"Shaded","section":"Shading Mode"},"sceneLighting":false,"audioPlay":false,"sceneViewState":{"showFog":true,"showMaterialUpdate":false,"showSkybox":true,"showFlares":true,"showImageEffects":true,"showParticleSystems":true},"in2DMode":false,"pivot":{"x":-20.152137756347658,"y":3.9345617294311525,"z":129.03155517578126},"rotation":{"x":-0.07104391604661942,"y":-0.6393278241157532,"z":0.05935107171535492,"w":-0.7634252905845642},"size":4.375953674316406,"orthographic":false}