{"cameraMode":{"drawMode":0,"name":"Shaded","section":"Shading Mode"},"sceneLighting":false,"audioPlay":false,"sceneViewState":{"showFog":true,"showMaterialUpdate":false,"showSkybox":true,"showFlares":true,"showImageEffects":true,"showParticleSystems":true},"in2DMode":false,"pivot":{"x":-20.152137756347658,"y":3.9345617294311525,"z":129.03155517578126},"rotation":{"x":-0.2119557112455368,"y":-0.7829890251159668,"z":0.3595254719257355,"w":-0.46138858795166018},"size":4.375953674316406,"orthographic":false}