{"cameraMode":{"drawMode":0,"name":"Shaded","section":"Shading Mode"},"sceneLighting":false,"audioPlay":false,"sceneViewState":{"showFog":true,"showMaterialUpdate":false,"showSkybox":false,"showFlares":true,"showImageEffects":true,"showParticleSystems":true},"in2DMode":false,"pivot":{"x":0.0,"y":0.23073408007621766,"z":-1.919265627861023},"rotation":{"x":-0.10590109974145889,"y":-0.5609539747238159,"z":0.07252155244350434,"w":-0.8179099559783936},"size":3.6086699962615969,"orthographic":false}