{"cameraMode":{"drawMode":0,"name":"Shaded","section":"Shading Mode"},"sceneLighting":false,"audioPlay":false,"sceneViewState":{"showFog":true,"showMaterialUpdate":false,"showSkybox":false,"showFlares":true,"showImageEffects":true,"showParticleSystems":true},"in2DMode":false,"pivot":{"x":-5.0,"y":0.5056443214416504,"z":4.005643367767334},"rotation":{"x":-0.19605626165866853,"y":0.6412696838378906,"z":-0.17440049350261689,"w":-0.7210962176322937},"size":1.5970675945281983,"orthographic":false}