{"cameraMode":{"drawMode":0,"name":"Shaded","section":"Shading Mode"},"sceneLighting":true,"audioPlay":false,"sceneViewState":{"showFog":true,"showMaterialUpdate":false,"showSkybox":true,"showFlares":true,"showImageEffects":true,"showParticleSystems":true},"in2DMode":false,"pivot":{"x":-19.913124084472658,"y":-5.213378429412842,"z":139.2986602783203},"rotation":{"x":-0.3667055666446686,"y":0.3702739477157593,"z":-0.1620592325925827,"w":-0.8380059003829956},"size":12.371048927307129,"orthographic":false}